{
  "format_version": "1.8.0",
  "animations": {
    "animation.model.walking": {
      "loop": true,
      "animation_length": 0.8,
      "bones": {
        "middlebody": {
          "scale": {
            "0.0": [
              1,
              1,
              1
            ],
            "0.2833": [
              0.9,
              1,
              0.97
            ],
            "0.6333": [
              0.97,
              0.97,
              0.97
            ],
            "0.8": [
              1,
              1,
              1
            ]
          }
        },
        "bottombody": {
          "scale": {
            "0.0": [
              1,
              1,
              1
            ],
            "0.1167": [
              0.97,
              1,
              0.945
            ],
            "0.4": [
              0.98,
              0.997,
              0.98
            ],
            "0.8": [
              1,
              1,
              1
            ]
          }
        },
        "eye1": {
          "scale": {
            "0.0": [
              1,
              1,
              1
            ],
            "0.2333": [
              0.98555,
              0.97,
              0.98555
            ],
            "0.4833": [
              0.98555,
              1.05,
              0.98555
            ],
            "0.8": [
              1,
              1,
              1
            ]
          }
        },
        "eye2": {
          "scale": {
            "0.0": [
              1,
              1,
              1
            ],
            "0.2": [
              0.98555,
              1.05,
              0.98555
            ],
            "0.5667": [
              0.98555,
              0.98,
              0.98555
            ],
            "0.8": [
              1,
              1,
              1
            ]
          }
        },
        "shell": {
          "rotation": {
            "0.0": [
              0,
              0,
              0
            ],
            "0.1667": [
              0,
              -1,
              0
            ],
            "0.3667": [
              0,
              -0.7,
              0
            ],
            "0.6833": [
              0,
              1,
              0
            ],
            "0.8": [
              0,
              0,
              0
            ]
          }
        }
      }
    }
  }
}